"customer_id","purchase_amount","time_spent_on_site","region","number_of_previous_purchases","used_discount"
1,102.42,10.75,"North",2,1
2,63.71,9.17,"East",2,0
3,82.26,4.83,"South",3,0
4,87.66,3.98,"South",1,1
5,83.09,6.12,"North",2,0
6,72.88,11.1,"North",2,1
7,105.23,9.54,"North",2,1
8,73.11,7.8,"North",3,1
9,115.37,7.65,"East",1,1
10,73.75,11.65,"North",0,1
11,101.1,5.17,"West",2,1
12,120.73,12.24,"West",4,1
13,47.22,11.35,"East",3,0
14,69.42,7.39,"North",1,0
15,72.33,9.71,"South",2,0
16,87.72,12.68,"West",3,1
17,69.31,14.05,"North",1,1
18,21.87,14.47,"South",1,0
19,26.19,11.11,"North",2,0
20,101.4,9.36,"South",1,1
21,68.87,11.37,"East",0,1
22,39.37,9.23,"North",5,0
23,71.56,6.99,"West",2,1
24,99.29,12.53,"East",3,0
25,112.9,12.08,"South",3,1
26,66.39,13.78,"West",4,1
27,69.85,15,"West",0,1
28,39.74,14.42,"East",1,0
29,84.2,12.37,"South",2,0
30,62.2,9.89,"East",1,0
31,84.11,9.73,"West",1,1
32,89.1,8.76,"North",1,1
33,95.7,7.66,"South",1,1
34,62.82,8.83,"South",3,1
35,85.1,11.84,"South",2,1
36,40.66,11.15,"North",2,0
37,59.31,6.38,"East",1,0
38,57.98,13.59,"West",3,0
39,26.72,13.87,"North",2,0
40,75.72,14.45,"North",3,1
41,79.12,6.33,"East",4,1
42,67.78,8.76,"North",1,0
43,90.16,8.77,"West",0,1
44,60.47,8.65,"East",1,1
45,47.63,8.31,"West",1,0
46,83.66,8.32,"West",3,1
47,58.77,7.09,"South",1,0
48,103.88,8.31,"North",3,1
49,66.37,9,"North",4,1
50,88.11,10.58,"West",0,0
51,81.44,11.82,"North",3,1
52,59.32,12.87,"East",1,0
53,106.51,7.6,"East",2,1
54,87.86,10.13,"South",3,1
55,76.8,17.01,"West",0,1
56,80.53,8.61,"North",3,0
57,88.59,12.22,"West",2,0
58,76.8,7.9,"East",5,1
59,15.14,13.2,"East",2,0
60,80.7,11.64,"East",1,1
61,67.66,7.25,"West",3,1
62,78.7,13.08,"East",4,1
63,86.64,13.38,"West",2,0
64,102.99,12.65,"East",3,0
65,60.45,1.7,"South",0,1
66,101.05,10.43,"West",2,0
67,81.72,14.56,"West",1,1
68,95.77,9.49,"West",1,0
69,93.41,8.03,"South",4,1
70,89.42,9.54,"South",4,1
71,54.14,2.85,"West",0,0
72,73.2,6.59,"East",2,1
73,87.47,9.74,"East",2,1
74,55.93,12.51,"South",2,0
75,64.14,10.64,"North",4,0
76,86.62,11.92,"West",2,1
77,90.36,6.9,"North",1,0
78,84.28,14.46,"South",2,0
79,57.28,13.57,"East",3,0
80,53,11.85,"North",3,0
81,105.25,9.48,"East",1,1
82,80.16,12.58,"West",0,1
83,76.77,8.14,"North",2,0
84,72.58,7.37,"East",1,1
85,51.11,3.31,"West",0,0
86,87.24,10.58,"South",5,1
87,70.66,3.06,"West",1,1
88,71.34,9.93,"North",1,0
89,93.67,11.32,"East",4,1
90,91.44,12.37,"East",1,1
91,102.84,13.07,"North",6,0
92,65.48,11.85,"North",3,1
93,88.01,7.42,"North",1,1
94,102.82,12.67,"West",2,1
95,52.78,10.19,"East",2,0
96,57.78,4.41,"East",0,0
97,52.37,9.66,"South",4,0
98,45.82,4.65,"North",2,0
99,76.6,6.84,"West",2,1
100,88.06,8.14,"West",1,1
101,99.02,8.24,"South",2,1
102,95.9,12.78,"East",1,1
103,54.94,9.8,"West",3,0
104,111.97,7.19,"West",3,1
105,61.66,8.1,"West",0,0
106,77.11,8.27,"East",5,0
107,66.55,10.56,"East",3,1
108,72.55,11.62,"North",1,1
109,78.76,8.74,"North",1,1
110,77.38,8.98,"East",0,1
111,74.5,11.55,"West",2,1
112,77.16,7.39,"North",0,0
113,65.29,9.52,"East",1,1
114,64.92,9.57,"West",3,1
115,41.78,7.7,"South",2,0
116,67.35,8.02,"West",1,1
117,64.75,9.08,"South",3,1
118,129.04,7.35,"East",5,0
119,47.76,9.71,"North",2,0
120,77.75,6.17,"North",2,1
121,45.13,11.13,"West",1,0
122,45.59,8.59,"East",0,0
123,77.49,12.4,"East",2,1
124,55.07,11.28,"East",2,0
125,74.96,8.46,"South",3,1
126,66.43,8.96,"West",0,1
127,62.73,11.83,"East",3,1
128,34.51,12.21,"East",1,0
129,50.51,11.43,"West",0,0
130,78.59,10.98,"East",2,1
131,86.35,4.66,"North",0,1
132,65.14,10.36,"East",2,0
133,75,5.75,"West",2,1
134,97.46,10.23,"West",3,1
135,103.8,8.02,"South",1,1
136,53.06,9.68,"South",2,0
137,72.65,6.46,"South",2,1
138,99.03,9.51,"South",1,1
139,65.61,14.56,"North",2,0
140,73.95,15.48,"West",3,0
141,73.28,2.53,"East",1,0
142,57.25,5.04,"West",1,0
143,66.11,5.74,"West",2,0
144,74.41,6.17,"North",2,0
145,66.72,16.24,"South",3,0
146,97.27,13.05,"South",1,1
147,65.38,9.67,"North",3,1
148,66.34,12.94,"North",2,1
149,88.94,16.78,"North",2,1
150,53.87,11.91,"South",0,0
151,74.19,15.33,"North",1,0
152,43.97,6.56,"East",0,0
153,98.34,6.76,"East",2,1
154,69.53,13.2,"South",3,1
155,65.64,12.68,"North",0,1
156,50.23,12.61,"South",4,0
157,74.84,11.46,"North",2,1
158,58.99,8.59,"South",4,0
159,64.33,12.85,"North",0,1
160,100.75,15.54,"East",2,0
161,71.49,13.72,"North",5,0
162,53.56,5.86,"East",4,0
163,78.26,11.42,"East",0,1
164,67.75,10.04,"West",4,0
165,86.8,10.26,"South",2,1
166,103.65,9.45,"South",0,1
167,55.15,6.2,"North",5,0
168,84.09,10.99,"South",1,0
169,76.7,14.06,"North",1,1
170,92.91,14.91,"North",3,1
171,70.4,11.44,"North",1,1
172,91.73,7.79,"West",2,0
173,40.1,8.25,"East",0,0
174,108.79,8.17,"East",1,1
175,92.3,11.81,"East",0,1
176,71.98,9.29,"East",1,1
177,46.02,18.71,"South",1,0
178,87.86,9.2,"North",0,1
179,84.66,10.44,"North",0,1
180,74.87,9.38,"West",1,0
181,78.03,8.07,"South",2,0
182,63.32,12.54,"North",1,1
183,82.38,8.42,"West",4,1
184,80.89,10.01,"East",1,0
185,69.41,9.15,"South",1,1
186,48.28,1.51,"South",1,0
187,89.01,11.95,"South",0,0
188,86.08,10.47,"East",2,1
189,58.27,7.44,"East",4,0
190,43.11,14.09,"East",1,0
191,79.1,6.21,"South",0,1
192,68.1,4.67,"West",4,1
193,80.05,7.94,"North",2,1
194,49.12,6.45,"East",1,0
195,55.82,12.37,"West",3,0
196,96.72,10.26,"East",1,1
197,83.08,8.89,"East",5,1
198,86.73,10.03,"North",2,1
199,111.3,7.15,"West",3,1
200,77.58,10.55,"North",1,0
201,34.98,10.57,"West",1,0
202,81.68,9.78,"North",0,0
203,98.43,9.99,"West",4,1
204,116.19,6.68,"South",1,1
205,47.46,12.81,"East",0,0
206,51.98,5.54,"West",2,0
207,60.88,16.69,"South",3,1
208,53.92,14.87,"West",3,0
209,62.09,11.56,"South",2,1
210,71.29,5.94,"North",1,0
211,50.98,11.28,"West",0,0
212,115.74,5.01,"North",0,1
213,77.16,9.19,"East",2,0
214,73.32,12.37,"West",1,0
215,84.91,12.52,"East",2,1
216,75.75,10.1,"South",1,1
217,72.36,9.29,"North",2,1
218,104.54,10.79,"North",3,1
219,70.66,5.22,"West",4,1
220,49.33,8.87,"South",0,0
221,82.71,15.44,"South",1,1
222,67.97,4.79,"South",1,1
223,64.56,14.89,"North",0,1
224,53.64,11.58,"West",4,0
225,83.57,8.92,"West",1,1
226,71.52,16.71,"West",4,1
227,85.31,9.88,"South",2,1
228,70.31,15.68,"West",4,1
229,61.83,10.07,"West",0,1
230,100,11.66,"East",2,1
231,69.56,8.28,"West",1,1
232,93.96,7.21,"East",3,1
233,50.97,4,"North",3,0
234,65.68,8.13,"South",2,1
235,69.61,12.18,"West",2,1
236,67.18,6.69,"East",2,1
237,101.97,6.52,"South",3,0
238,74.54,8.68,"East",3,1
239,79.88,10.48,"South",4,1
240,56.15,8.52,"South",3,0
241,60.42,13.64,"South",0,0
242,94.96,10.88,"West",1,1
243,100.17,9.89,"East",4,1
244,99.98,6.69,"West",3,1
245,47.39,7.19,"South",3,0
246,116,11.38,"West",0,1
247,95.34,9,"North",4,1
248,74.47,13.32,"West",1,1
249,89.07,5.1,"South",3,1
250,55.57,11.01,"North",2,0
251,53.08,8.43,"South",2,0
252,75.98,14.39,"East",0,1
253,51.03,11.28,"North",5,0
254,78.8,6.92,"East",2,1
255,100.95,6.08,"North",2,0
256,54.32,10.69,"South",1,0
257,60.23,9.08,"West",0,1
258,75.93,9.75,"West",0,1
259,54.65,9.5,"North",2,0
260,67.33,11.97,"West",2,1
261,92.46,6.78,"East",0,1
262,94.39,20.41,"North",0,1
263,82.68,10.88,"North",4,0
264,37.97,8.39,"North",3,0
265,73.92,9.57,"East",0,1
266,96.3,11.63,"South",1,0
267,91.26,11.9,"West",4,0
268,71.18,4.68,"East",0,1
269,21,3.8,"West",1,0
270,76.22,9.73,"North",2,0
271,86.48,12.51,"West",1,1
272,75.92,10.5,"South",3,1
273,78.15,13.08,"West",4,0
274,83.63,11.21,"South",4,1
275,67.07,11.23,"South",3,1
276,101.2,15.04,"North",2,1
277,84.41,6.81,"East",0,1
278,50.15,7.63,"West",1,0
279,102.63,11.17,"South",2,0
280,99.09,10.76,"East",0,1
281,91.48,3.44,"South",1,0
282,41.75,11.61,"East",7,0
283,63.61,6.13,"West",1,1
284,87.71,6.32,"North",2,1
285,75.87,15.18,"West",3,1
286,81.96,13.48,"East",0,1
287,124.19,7.76,"East",7,1
288,58.63,15,"South",3,0
289,32.74,8.41,"South",1,0
290,80.47,13.09,"South",3,1
291,61.25,14.13,"East",2,1
292,83.92,13.99,"South",1,1
293,58.75,13.76,"West",7,0
294,119.24,9.14,"South",3,0
295,72.53,8.36,"East",2,1
296,65.45,13.76,"South",0,1
297,71.67,9.78,"West",1,1
298,92.25,7.95,"East",2,1
299,76.95,6.93,"East",2,1
300,42.49,13.9,"East",1,0
301,74.91,12.27,"South",0,0
302,90.2,14.44,"East",3,0
303,75.78,8.14,"North",2,1
304,89.7,10.78,"North",2,1
305,72.07,6.74,"South",1,0
306,73.84,10.26,"North",2,1
307,84.65,7.46,"South",0,0
308,94.86,11.17,"North",2,0
309,50.07,9.89,"North",2,0
310,74.33,14.34,"North",2,1
311,73.58,10.95,"West",1,0
312,59.82,8.79,"West",0,0
313,54.31,4.78,"West",3,0
314,62.39,8.64,"South",3,0
315,86.74,8.24,"East",2,1
316,66.67,13.44,"East",4,1
317,59.3,11.37,"North",2,0
318,78.27,8.24,"West",5,1
319,50.27,10.68,"North",2,0
320,95.92,10.4,"East",4,1
321,65.31,10.99,"West",3,1
322,78.78,9.11,"North",6,0
323,76.02,13.55,"West",0,1
324,75,13.93,"West",6,1
325,111.19,6.49,"West",0,0
326,58.49,12.99,"West",2,0
327,97.91,7.76,"East",1,0
328,75.63,10.67,"South",3,1
329,58.3,13,"East",4,0
330,73.62,11.48,"North",5,1
331,89.94,9.97,"North",2,1
332,66.49,10.29,"West",2,1
333,59.56,16.75,"North",2,0
334,78.06,14.31,"West",0,1
335,94.77,10.03,"West",2,1
336,73.53,9.04,"North",2,0
337,47.26,15.53,"West",2,0
338,48.87,10.27,"East",1,0
339,59.63,11.21,"East",3,0
340,64.46,13.93,"West",2,1
341,74.57,8.16,"North",2,1
342,88.41,8.69,"North",3,1
343,66.31,8.85,"South",3,1
344,52.72,10.51,"South",1,0
345,87.14,2.75,"South",4,1
346,80.51,8.75,"South",3,0
347,98.15,12.12,"West",4,1
348,41.35,10.94,"West",3,0
349,76.75,11.05,"North",2,1
350,102.07,5.24,"South",3,1
351,89.48,10.65,"North",4,0
352,58.35,9.66,"West",1,0
353,89.65,10.06,"West",2,1
354,57.56,12.68,"West",3,0
355,65.93,14.34,"North",2,1
356,98.75,9.24,"South",3,1
357,69.2,8.21,"East",2,0
358,91.57,9.26,"West",1,1
359,69.18,12.32,"South",3,1
360,43.47,9.64,"South",1,0
361,58.02,8.75,"West",1,0
362,53.23,9.84,"South",2,0
363,65.31,14.06,"West",1,1
364,68.27,7.24,"South",2,1
365,71.93,9.07,"East",5,1
366,70.14,6.83,"South",0,1
367,112.84,16.72,"East",0,1
368,47.28,8.58,"East",2,0
369,66.7,12.72,"North",4,0
370,81.98,10.11,"North",1,1
371,107.57,9.47,"West",0,0
372,76.77,8.92,"East",2,1
373,99.78,7.59,"North",5,1
374,42.11,14.02,"West",1,0
375,103.93,11.88,"East",2,1
376,61.19,10.09,"West",2,0
377,69.47,6.72,"East",6,1
378,52.81,8.54,"North",2,0
379,77.68,12.86,"East",2,1
380,110.71,7.02,"West",2,1
381,123.44,8.28,"North",1,1
382,53.46,12.35,"East",0,0
383,84.72,11.14,"East",3,1
384,102.77,8.2,"South",3,1
385,71.09,14.96,"West",2,1
386,70.64,6.43,"West",1,1
387,68.9,14.25,"North",3,1
388,86.96,12.44,"North",2,1
389,102.95,3.71,"East",2,1
390,88.75,10.96,"South",4,1
391,81.4,12.4,"South",4,1
392,68.96,7.62,"South",3,0
393,84.97,9.97,"East",3,1
394,64.01,5.13,"South",4,0
395,69.41,7.28,"West",1,1
396,96.93,10.41,"South",2,0
397,83.84,10.81,"South",2,0
398,79.82,9.78,"East",3,0
399,69.89,7.68,"North",5,1
400,93.62,11.78,"North",0,1
401,101.7,13.98,"East",2,0
402,57.61,8.2,"North",2,0
403,76.11,10.17,"North",4,1
404,75.98,8.41,"West",1,1
405,63.43,9.76,"South",4,0
406,55.03,10.48,"West",2,0
407,74.95,9.69,"East",2,1
408,88.11,8.94,"North",1,1
409,104.54,8.59,"South",3,1
410,36.82,10.1,"West",4,0
411,60.95,9.4,"North",1,1
412,68.77,8.37,"East",0,1
413,41.74,11.13,"North",2,0
414,59.99,11.21,"West",6,0
415,59.45,10.51,"South",5,0
416,60.55,6.7,"West",1,1
417,31.22,11.21,"East",2,0
418,79.27,11.28,"North",0,1
419,62.36,9.15,"East",4,1
420,105.41,11.66,"West",2,1
421,90.92,13.79,"North",1,1
422,45.93,10.98,"North",3,0
423,76.97,12.3,"East",0,1
424,63.12,13.85,"North",3,1
425,92.77,14.98,"North",1,1
426,76.06,8.56,"West",3,1
427,63.86,8.78,"East",2,1
428,83.77,9.01,"South",2,1
429,78.05,13.3,"South",0,0
430,71.71,11.75,"South",2,0
431,115.4,12.87,"West",3,1
432,64.41,10.9,"South",3,1
433,65.58,9.13,"East",2,1
434,44.08,5.63,"East",2,0
435,74.19,4.89,"West",1,1
436,92.81,16.03,"East",4,1
437,33.57,10.01,"North",4,0
438,70,11.67,"West",7,1
439,51.37,12.08,"South",1,0
440,103.84,14.34,"West",2,0
441,102.16,11.9,"North",0,1
442,81.69,10.08,"South",3,0
443,103.59,12.23,"East",2,1
444,57.65,11.04,"North",4,0
445,94.01,8.11,"West",2,0
446,63.3,12.88,"East",2,0
447,81.42,10.49,"East",6,1
448,69.01,9.9,"East",4,1
449,69.43,7.24,"East",2,1
450,85.92,13.44,"West",3,1
451,48.92,8.83,"North",1,0
452,69.98,9.7,"South",2,1
453,78.42,9.92,"South",1,1
454,66.93,9.83,"South",1,1
455,77.09,11.67,"South",2,1
456,68.62,12.71,"North",3,1
457,107.37,11.61,"North",1,1
458,89.28,5.59,"East",1,0
459,134.32,2.77,"East",3,1
460,59.1,8.9,"East",2,0
461,91.29,9.46,"West",2,1
462,116.96,9.55,"West",1,0
463,81.02,5.82,"West",4,0
464,53.34,7.96,"East",4,0
465,54.87,4.54,"West",2,0
466,74.29,17.92,"East",2,1
467,101.18,11.64,"North",0,0
468,90.01,9.98,"South",9,1
469,32.23,4.33,"North",1,0
470,60.99,9.2,"West",3,0
471,74.82,12.46,"North",2,1
472,45.84,12.33,"South",3,0
473,88.89,11.36,"South",3,1
474,25.77,14.23,"South",2,0
475,77.87,4.57,"West",6,0
476,67.18,6.69,"East",1,1
477,65.18,9.94,"South",3,0
478,69.33,10.45,"North",3,1
479,81.3,8.4,"South",3,1
480,82.93,13.59,"East",0,1
481,70.49,3.87,"East",0,1
482,36.5,6.96,"South",2,0
483,46.22,14.81,"South",2,0
484,45.61,12.68,"South",0,0
485,90.24,5.45,"South",0,1
486,70.13,12.47,"South",2,0
487,80.39,11.1,"North",1,1
488,43.82,6.01,"South",3,0
489,64.29,11.08,"East",3,1
490,86.25,12.68,"West",4,1
491,71.43,7.01,"North",3,0
492,72.7,11.56,"East",3,0
493,73.56,6.29,"South",1,0
494,99.22,11.59,"North",2,1
495,62.7,7.05,"East",1,0
496,88.52,8.87,"East",4,1
497,92.97,6.87,"North",1,0
498,51.21,12.09,"East",3,0
499,77.43,9.57,"West",5,0
500,74.78,11.5,"East",1,1
501,95.58,11.85,"North",0,1
502,93.3,9.99,"North",2,0
503,74.95,9.73,"South",2,0
504,77.72,11.2,"North",2,0
505,60.6,11.77,"East",4,0
506,71.04,9.95,"South",0,1
507,54.42,11.26,"South",2,0
508,55.66,12.4,"North",3,0
509,50.58,12.04,"East",0,0
510,91.72,13.93,"North",1,1
511,97.3,4.33,"South",3,1
512,66.74,11.03,"West",2,1
513,52.42,10.46,"West",3,0
514,73.24,7.7,"North",3,1
515,119.84,7.74,"North",0,1
516,115.83,11.57,"North",1,1
517,40.6,8.93,"North",1,0
518,67.86,9.22,"South",1,1
519,105.67,11.52,"East",3,1
520,74.24,13.43,"North",0,1
521,106.95,16.2,"West",1,1
522,68.33,12.31,"West",0,1
523,87.1,16.01,"East",2,1
524,79.48,13.81,"North",3,0
525,139.58,11,"South",1,1
526,93.41,10.76,"South",3,0
527,50.87,15.79,"North",2,0
528,62.92,6.96,"East",3,1
529,82.4,10.19,"West",2,0
530,36.98,10.58,"West",1,0
531,38.91,2.98,"North",4,0
532,52.56,8.94,"North",2,0
533,68.04,11.04,"West",4,0
534,99.78,1.51,"West",2,0
535,69.52,11.1,"South",3,1
536,78.25,9.14,"South",1,0
537,73.71,11.33,"West",2,1
538,60.9,12.15,"West",2,1
539,102.24,14.27,"South",0,0
540,53.07,4.94,"West",0,0
541,70.43,10.13,"East",1,0
542,68.04,8.1,"East",1,1
543,85.64,10.09,"North",4,1
544,107.14,9.61,"North",2,1
545,85.28,6.47,"West",1,0
546,102.65,4.58,"East",3,0
547,90.26,16.36,"West",1,1
548,62.51,6.03,"North",2,1
549,76.63,10.83,"East",4,0
550,102.52,6.67,"South",2,1
551,43.77,14.52,"East",0,0
552,81.5,4.7,"South",2,1
553,71.86,7.33,"South",5,0
554,92.56,6.34,"North",0,1
555,90,10.15,"South",2,0
556,81.02,8.53,"North",3,1
557,104.86,17.16,"West",0,0
558,44.49,9.99,"East",2,0
559,93.21,14,"West",1,0
560,43.41,12.46,"West",3,0
561,86.75,12.06,"North",1,1
562,76.79,11.55,"East",1,1
563,94.35,10.82,"East",4,1
564,76.58,7.86,"West",1,1
565,43.63,8.97,"East",4,0
566,34.84,11.41,"East",1,0
567,85.82,2.57,"North",3,1
568,73.53,4.43,"East",2,1
569,63.58,8.74,"North",2,0
570,68.78,4.4,"East",1,1
571,61.57,10.34,"East",2,1
572,71.85,11.41,"North",1,1
573,56.37,12.65,"East",1,0
574,35.34,13.34,"South",1,0
575,70.61,11.7,"North",0,1
576,95.91,11.64,"West",1,1
577,112.55,10.72,"North",3,1
578,75.05,10.1,"West",1,1
579,73.39,7.58,"West",2,1
580,94.26,16.68,"North",0,1
581,76.07,7.62,"South",3,1
582,66.3,15.09,"East",1,1
583,40.25,12.82,"East",6,0
584,49.73,16.11,"South",4,0
585,83.13,12.19,"South",2,1
586,45.81,8.74,"East",2,0
587,95.97,9.07,"South",2,0
588,48.07,5.92,"West",3,0
589,71.13,13.11,"South",3,1
590,74.95,10.14,"South",0,0
591,74.74,9.83,"East",1,1
592,78.04,10.23,"North",0,1
593,86.97,8.1,"West",2,1
594,72.48,8.73,"South",1,1
595,70.03,12.33,"East",5,1
596,78.21,13.93,"North",0,0
597,66.33,10.17,"South",1,0
598,105.75,10.74,"North",3,1
599,31.6,10.7,"North",1,0
600,95.54,10.57,"West",3,1
601,70.03,9.27,"North",1,1
602,83.45,11.72,"South",3,1
603,94.75,12.12,"East",4,0
604,91.71,10.61,"North",2,1
605,61.79,11.66,"South",3,1
606,106.28,8.29,"East",0,0
607,42.54,10.58,"South",4,0
608,92.28,11.86,"South",4,1
609,64.77,9.68,"South",3,1
610,36.65,9.63,"North",2,0
611,37.68,8.6,"West",2,0
612,79.9,11.72,"South",1,1
613,119.47,10.76,"East",2,1
614,80.47,18.02,"South",2,1
615,97.62,9.6,"West",2,0
616,91.77,10.33,"West",4,0
617,61.91,6.97,"North",1,1
618,94.08,12.66,"North",4,1
619,82.06,9.08,"West",2,1
620,79.13,10.4,"South",3,1
621,95.02,12.84,"West",1,1
622,89.95,14.58,"West",2,1
623,62.47,9.26,"West",3,0
624,82.9,8.93,"South",1,1
625,57.16,10.62,"South",1,0
626,87.62,13.63,"North",4,1
627,66.35,10.35,"South",0,1
628,84.04,10.58,"East",0,1
629,82.36,12.36,"North",4,1
630,69.59,12.22,"West",1,1
631,84.31,13.26,"North",2,1
632,86.49,4.14,"South",1,1
633,70.39,6.45,"West",4,1
634,98.44,6.46,"South",2,1
635,102.85,11.13,"North",3,1
636,61.76,5.93,"East",3,0
637,59.45,9.31,"North",1,0
638,85.27,11.27,"East",2,1
639,56.73,15.82,"North",1,0
640,66.01,9.28,"East",1,1
641,91.06,9.94,"South",1,1
642,63.53,10.71,"South",0,1
643,36.44,8.21,"North",0,0
644,88.29,1,"North",2,1
645,42.95,14.53,"South",2,0
646,47.91,8.97,"East",3,0
647,14.64,7.85,"South",1,0
648,91.62,10.86,"East",2,1
649,80.02,8.15,"West",0,1
650,84.25,12.76,"East",4,1
651,91.9,8.64,"East",1,1
652,74.16,12.57,"West",1,1
653,52.89,9.3,"North",4,0
654,86.28,7.06,"South",0,1
655,101.07,12.21,"West",4,1
656,45,17.32,"West",2,0
657,62.86,7.02,"East",4,1
658,69.16,8.68,"East",0,0
659,49.21,6.49,"West",1,0
660,88.88,14.78,"West",4,1
661,63.02,10.38,"East",4,0
662,100.14,3.02,"West",0,1
663,76.07,3.41,"North",1,1
664,89.56,12.82,"North",3,0
665,106.22,10.9,"North",3,0
666,80.31,4.03,"South",3,1
667,96.53,6.39,"South",2,1
668,79.21,11.2,"North",0,1
669,44.77,10.13,"North",4,0
670,75.45,4.4,"West",2,1
671,89.36,12.26,"East",3,0
672,84.79,8.72,"South",5,0
673,71.52,13.73,"South",0,1
674,50.65,11.35,"South",0,0
675,87.93,13.55,"East",4,1
676,56.67,4.11,"West",1,0
677,49.96,12.24,"East",1,0
678,86.9,13.15,"South",4,0
679,50.34,11.57,"East",1,0
680,79.89,6.65,"South",1,0
681,75.06,9.86,"South",1,1
682,48.44,4.25,"West",1,0
683,98.59,8.28,"East",0,0
684,63.14,7.76,"West",4,1
685,99,11.04,"West",1,1
686,65.5,16.49,"West",3,1
687,63.5,11.01,"North",0,1
688,74.38,8.75,"North",2,1
689,67.84,12.77,"East",4,1
690,67.87,12.3,"West",2,1
691,57.45,10.75,"South",2,0
692,50.74,8.03,"East",4,0
693,87.27,11.75,"East",0,0
694,58.88,12.07,"East",1,0
695,47.47,10.88,"North",0,0
696,64.84,15.77,"South",2,0
697,58.98,16.92,"East",1,0
698,31.14,7.03,"North",2,0
699,69.18,11.2,"South",0,1
700,78.34,6.3,"South",1,1
701,80.89,8.37,"West",0,0
702,82.85,8.7,"South",1,1
703,54.98,9.58,"East",0,0
704,68.49,15.27,"East",1,0
705,54.83,7.51,"North",3,0
706,62.29,11.54,"West",1,0
707,50.8,12.36,"South",2,0
708,52.67,10.73,"South",1,0
709,87.6,11.68,"South",2,1
710,69.55,8.05,"North",4,1
711,69.82,8.62,"East",0,0
712,109.59,7.96,"West",3,1
713,73.83,3.42,"West",1,1
714,64.26,11.88,"South",2,1
715,89.95,8.75,"North",0,1
716,65.25,9.47,"East",3,1
717,102.46,12,"East",2,1
718,67.45,10.15,"West",3,1
719,62.68,9.67,"East",3,1
720,51.64,8.41,"South",2,0
721,81.57,14.85,"West",2,0
722,104.33,10.42,"South",4,0
723,67.88,10.36,"West",2,1
724,80.23,12.94,"North",1,1
725,81.67,11.14,"North",3,1
726,103.44,7.36,"West",3,1
727,88.28,8.78,"South",2,1
728,53.53,7.67,"North",3,0
729,61.06,4.95,"West",1,1
730,60.08,9.5,"West",0,0
731,77.83,11.78,"East",5,1
732,74.92,8.45,"North",0,1
733,82.36,11.32,"South",2,1
734,61.85,12.27,"West",1,1
735,67.47,9.66,"South",1,1
736,89.83,8.58,"East",4,1
737,73.01,7.89,"North",2,1
738,61.91,9.16,"South",3,1
739,94.42,14.69,"North",2,1
740,75.27,10.27,"North",3,1
741,56.67,8.61,"South",2,0
742,109.19,8.65,"North",1,1
743,51.64,10.22,"North",1,0
744,39.38,10.39,"West",2,0
745,29.94,14.04,"South",3,0
746,88.02,8.73,"North",2,1
747,64.34,12.93,"East",2,1
748,69.49,8.11,"South",2,1
749,80.79,10.66,"West",1,1
750,65.67,8.96,"North",1,1
751,42.84,13.02,"South",0,0
752,36,14.19,"East",1,0
753,68.19,14.61,"West",1,1
754,78.49,12.05,"North",1,0
755,29.44,8.48,"South",2,0
756,80.81,9.63,"West",3,1
757,83.45,10.9,"East",3,1
758,100.89,3.74,"East",1,0
759,78.29,14.26,"South",0,1
760,79.1,6.79,"North",2,1
761,87.09,8.62,"East",4,1
762,74.62,13.99,"North",3,0
763,73.41,11.23,"East",1,0
764,77.32,11.42,"South",3,1
765,89.88,7.75,"East",1,1
766,66.37,5.19,"North",0,1
767,65.01,7.63,"South",2,0
768,57.7,11.51,"North",0,0
769,55.84,12.15,"South",2,0
770,81.54,10.13,"North",1,1
771,105.95,8.82,"North",2,1
772,55.62,11.14,"South",3,0
773,71.23,8.13,"North",1,1
774,54.4,11.53,"North",2,0
775,93.16,6.7,"South",0,1
776,68.65,15.58,"West",2,1
777,78.58,1.89,"East",1,1
778,81.96,14.25,"North",2,0
779,53.91,8.03,"East",2,0
780,72.91,13.76,"North",1,1
781,70.43,5.62,"West",2,1
782,88.51,9.01,"North",1,0
783,50.34,10.63,"South",2,0
784,51,6.97,"South",1,0
785,90.32,8.4,"North",2,0
786,63.24,11.49,"East",2,0
787,61.79,11.65,"North",2,0
788,77.26,6.32,"North",4,1
789,68.59,6.98,"South",2,1
790,112.33,10.62,"East",3,1
791,80.19,14.25,"North",7,1
792,78.23,12.24,"West",1,1
793,93.62,5.44,"North",2,1
794,73.8,7.84,"South",3,0
795,75.97,4.49,"South",1,1
796,53.54,12.35,"West",1,0
797,29.14,7.39,"West",3,0
798,50.86,9.97,"South",2,0
799,77.28,11.83,"North",4,0
800,54.33,9.6,"North",0,0
801,88.78,7.45,"West",3,1
802,89.5,10.35,"West",1,1
803,79.35,6.01,"South",2,1
804,70.97,17.12,"South",3,1
805,47.69,2.51,"West",0,0
806,68.82,16.61,"West",2,1
807,65.94,11.71,"West",3,1
808,88.26,8.25,"North",3,1
809,101.17,10.82,"West",4,1
810,85.02,9.86,"East",3,1
811,52.43,16.76,"South",0,0
812,108.42,16.62,"South",0,1
813,95.21,12.3,"North",1,0
814,79.47,9.15,"South",1,1
815,30.87,10.45,"North",1,0
816,55.91,7.66,"West",6,0
817,73.63,7.13,"North",1,1
818,90.23,9.09,"East",0,0
819,51.4,14.59,"West",2,0
820,139.22,8.57,"South",1,1
821,23.92,10.83,"North",0,0
822,70.28,13.88,"North",2,1
823,69.81,11.27,"East",2,1
824,61.73,11.58,"East",0,1
825,68.62,8.04,"East",1,0
826,89.85,10.37,"North",2,0
827,57.51,7.04,"South",4,0
828,33.34,7.73,"East",2,0
829,76.88,6.52,"East",1,0
830,74.96,8.67,"East",2,0
831,74.74,11,"East",5,1
832,88.36,9.7,"South",3,1
833,74.74,7.07,"West",2,1
834,90.52,7.08,"South",5,0
835,34.79,5.98,"South",2,0
836,52.44,11.24,"South",1,0
837,81.98,10.82,"West",1,1
838,67.94,5.76,"North",2,1
839,93.9,4.95,"East",0,1
840,54.91,9.79,"North",1,0
841,89.48,8.62,"West",0,0
842,61.62,6.38,"East",2,0
843,52.74,13.12,"North",2,0
844,68.14,9.8,"East",7,1
845,76,9.94,"West",2,1
846,50.45,11.85,"East",2,0
847,59.72,11.26,"East",4,0
848,50.08,9.02,"North",1,0
849,95.34,6.6,"West",2,0
850,89.47,13.55,"West",2,1
851,54.35,4.87,"South",4,0
852,86.15,14.14,"North",1,1
853,69.89,8.38,"South",5,1
854,52.73,16.23,"South",1,0
855,83.42,9.39,"West",2,0
856,68.54,8.35,"North",4,0
857,92.6,10.12,"West",3,1
858,71.1,13.95,"South",3,1
859,98.76,4.57,"East",1,1
860,64.8,9.08,"East",6,1
861,79.39,10.88,"South",0,1
862,82.41,10.44,"East",0,1
863,80.58,10.35,"East",2,1
864,79.04,9.03,"West",3,1
865,74.74,6.58,"North",2,1
866,73.18,18.58,"West",1,1
867,102.3,5.65,"North",0,1
868,93.16,12.95,"West",0,1
869,62.8,6.68,"East",2,1
870,102.93,4,"West",2,1
871,77.9,10.45,"West",4,1
872,62.19,16.33,"West",2,1
873,78.4,11.89,"South",1,1
874,71.86,5.09,"East",3,0
875,77.02,8.02,"North",5,1
876,55.53,7.75,"North",1,0
877,58.6,6.56,"North",1,0
878,102.26,13.08,"West",3,1
879,94.23,17.43,"South",0,1
880,57.33,5.64,"West",1,0
881,57,12.47,"East",0,0
882,109.47,6.8,"North",2,1
883,113.18,13.28,"East",2,1
884,59.46,10.66,"North",1,0
885,48.95,9.15,"South",1,0
886,127.47,12.13,"East",6,0
887,79.59,16.63,"South",2,1
888,78.73,14.24,"North",5,0
889,76.52,9.41,"North",3,1
890,103.1,12.27,"North",1,1
891,71.17,6.72,"East",4,1
892,104.19,11.29,"North",3,1
893,70.59,12.88,"South",1,0
894,85.1,11.38,"South",2,1
895,54.33,8.21,"West",5,0
896,78.41,9.86,"East",3,1
897,99.01,8.26,"West",2,1
898,71.73,11.33,"North",2,1
899,100.65,9.07,"West",1,1
900,129.54,9.33,"North",1,1
901,93.84,8.1,"North",0,1
902,70.03,13.2,"North",1,0
903,76.93,11.01,"North",1,1
904,66.32,7.14,"West",0,1
905,118.57,10.75,"West",2,1
906,15.82,8.36,"South",0,0
907,76.62,10.31,"South",2,1
908,77.2,15.6,"South",2,1
909,79.27,6.88,"North",1,1
910,43.84,10.66,"East",3,0
911,79.32,5.73,"South",4,0
912,78.75,11.85,"South",2,0
913,100.17,5.68,"North",4,0
914,85.47,4.89,"East",3,1
915,97.31,11.67,"North",0,1
916,55.85,7.75,"South",2,0
917,72.51,4.09,"East",1,0
918,78.83,6.03,"West",4,0
919,80.44,13.23,"South",3,1
920,61.12,10.53,"East",0,0
921,104.58,10.62,"North",3,1
922,62.76,12.68,"East",2,1
923,42.71,10.6,"West",2,0
924,83.05,1,"East",6,1
925,88.29,10.06,"North",2,1
926,93.88,5.82,"East",3,1
927,56.07,7.2,"North",2,0
928,70.03,5.11,"East",0,1
929,48.43,11.11,"North",2,0
930,91.9,16.86,"North",0,0
931,81.95,11.46,"West",2,1
932,93.28,15.8,"North",4,1
933,87.17,9.3,"East",8,1
934,62.85,8.39,"South",2,1
935,78.59,12.36,"West",1,1
936,36.83,6.24,"West",3,0
937,85.06,6.03,"North",1,1
938,94.38,1.1,"South",2,1
939,57.49,3.32,"North",3,0
940,32.28,8.68,"North",0,0
941,44.54,10.37,"East",4,0
942,52.74,8.95,"North",5,0
943,99.82,4.29,"North",2,0
944,75.07,6.54,"North",1,0
945,50.24,7.63,"North",2,0
946,86.11,12.7,"West",4,1
947,31.34,10.95,"South",2,0
948,70.06,7.52,"East",0,1
949,97.26,5.16,"West",4,1
950,68.17,9.5,"South",0,1
951,101.11,4.67,"South",1,0
952,110.91,8,"West",0,1
953,51.64,9.08,"North",1,0
954,51.95,13.67,"West",3,0
955,56.71,12.69,"East",4,0
956,85.57,10.61,"North",2,0
957,91.7,9.35,"East",4,1
958,99.18,8.54,"South",3,1
959,100.99,11.81,"South",1,0
960,96.51,5.82,"North",0,0
961,93.8,8.94,"North",1,1
962,78.27,13.69,"South",0,0
963,57.24,7.56,"West",4,0
964,60.48,5.42,"East",2,1
965,83.15,10,"West",4,1
966,108.67,10.89,"North",3,1
967,109.12,15.12,"North",4,1
968,36.48,7.28,"West",3,0
969,58.32,8.42,"North",1,0
970,103.38,13.72,"West",4,0
971,53.72,9.2,"North",0,0
972,42.73,10.91,"South",3,0
973,87,11.41,"East",3,0
974,109.66,13.86,"West",3,1
975,113.69,12.75,"North",2,1
976,85.66,9.88,"East",1,1
977,89.39,6.13,"East",4,1
978,86.2,9.76,"North",2,1
979,74.64,12.22,"North",0,1
980,10,13.83,"South",1,0
981,90.21,12,"West",5,0
982,67.18,5.43,"South",1,1
983,95.2,10.38,"West",1,1
984,62.46,6.61,"East",2,1
985,42.31,8.57,"South",2,0
986,99.9,6.7,"East",2,1
987,78.63,15.12,"North",2,1
988,144.91,9.45,"North",3,0
989,93.31,15.58,"East",1,1
990,95.97,4.77,"East",1,1
991,90.28,7.65,"East",2,1
992,62.93,12.39,"North",0,0
993,67.59,8.4,"West",1,1
994,96.2,15.96,"North",1,1
995,96.1,8.04,"North",2,1
996,86.66,3.53,"West",4,0
997,55.27,9.72,"North",1,0
998,108.69,8.81,"East",2,1
999,47.66,9.59,"West",1,0
1000,66.34,7.52,"South",3,1
1001,121.5,7.94,"South",3,1
1002,85.48,7.62,"South",2,1
1003,94.41,8.78,"West",6,0
1004,82.54,6.55,"North",2,1
1005,55.08,13.35,"South",1,0
1006,63.05,7.36,"East",3,1
1007,78.31,13.84,"North",1,1
1008,16.43,5.64,"North",2,0
1009,58.04,12.53,"West",3,0
1010,90.97,8.19,"South",1,0
1011,69.03,10.39,"West",1,0
1012,69.33,12.29,"East",1,1
1013,92.39,7.25,"North",3,0
1014,64.11,10.71,"North",2,0
1015,87.58,9.87,"North",0,1
1016,46.55,6.64,"North",0,0
1017,50.45,11.73,"West",3,0
1018,41.52,3.09,"East",4,0
1019,76.69,14.63,"North",5,1
1020,70.88,13.59,"South",1,1
1021,103.84,9.39,"West",2,1
1022,74.16,8.7,"North",3,1
1023,102.08,11.04,"North",4,1
1024,113.9,8.54,"South",0,0
1025,65.18,9.41,"North",2,1
1026,82.77,10.69,"West",1,1
1027,58.1,9.72,"East",3,0
1028,89.76,15.13,"South",5,1
1029,53.4,8.99,"East",1,0
1030,54.47,7.37,"West",2,0
1031,80.78,6.6,"West",1,1
1032,76.82,8.3,"North",1,0
1033,80.25,7.08,"East",2,1
1034,76.39,12.84,"South",2,0
1035,64.43,10.74,"North",3,0
1036,72.4,9.69,"North",3,1
1037,107.4,10.08,"South",4,1
1038,74.64,7.28,"East",3,0
1039,48.63,17.05,"East",3,0
1040,58.11,12.43,"West",1,0
1041,52.96,12.35,"North",1,0
1042,57,10.51,"South",0,0
1043,49.78,10.48,"West",1,0
1044,22.48,12.03,"East",2,0
1045,88.38,11.3,"North",2,0
1046,88.2,12.34,"West",2,1
1047,69.99,8.67,"East",3,1
1048,60.52,13.81,"East",0,0
1049,58.76,5.58,"East",0,0
1050,82.97,15.48,"West",1,0
1051,79.53,9.75,"North",3,1
1052,83.43,10.62,"West",2,0
1053,75.1,9.83,"North",2,0
1054,87.38,7.47,"East",2,1
1055,83.62,8.6,"East",2,0
1056,86.17,14.55,"West",1,1
1057,84.92,16.22,"South",3,0
1058,108.24,6.83,"North",2,0
1059,53.9,11.07,"North",2,0
1060,105.17,8.39,"West",3,1
1061,68.32,10.27,"West",1,1
1062,73.7,11.05,"West",2,0
1063,76.62,8.45,"North",1,0
1064,66.04,10.86,"South",3,1
1065,23.92,15,"East",1,0
1066,68.74,6.76,"North",1,1
1067,75.83,8.81,"West",2,1
1068,40.25,10.89,"North",2,0
1069,86,11.12,"North",0,1
1070,63.05,10.2,"North",4,1
1071,103.95,11.04,"East",0,1
1072,80.3,9.51,"East",2,1
1073,59.22,10.57,"East",3,0
1074,78.35,9.79,"East",1,0
1075,80.15,12.75,"North",1,0
1076,93.24,12.13,"South",2,0
1077,71.86,9.94,"East",1,0
1078,34.33,13.94,"South",2,0
1079,49.01,10.51,"South",6,0
1080,57.85,11.74,"East",3,0
1081,83.53,10.68,"North",1,0
1082,69.3,8.16,"North",0,1
1083,62.71,12.2,"South",1,1
1084,58.1,4.45,"North",4,0
1085,78.07,7.09,"South",3,1
1086,57.97,11.88,"West",4,0
1087,67.04,13.72,"West",3,1
1088,56.2,5.48,"East",1,0
1089,47.23,13.55,"East",3,0
1090,94.1,6,"North",3,0
1091,48.65,8.21,"East",7,0
1092,76.46,6.01,"North",1,0
1093,63.64,9.45,"North",5,1
1094,53.83,10.15,"West",3,0
1095,80.19,11.24,"North",4,1
1096,82.46,8.73,"North",1,0
1097,100.29,9.94,"South",0,1
1098,81.5,10.91,"North",6,1
1099,72.23,7.08,"North",1,1
1100,127.05,7.9,"North",2,1
1101,61.99,14.14,"North",0,1
1102,54.94,1.14,"West",0,0
1103,64.3,12.87,"North",0,0
1104,72.79,13.18,"East",1,1
1105,87.01,14.05,"West",2,1
1106,83.32,8.8,"North",0,0
1107,72.88,12.52,"West",3,1
1108,57.87,10.65,"East",4,0
1109,97.55,8.09,"East",1,0
1110,93.33,11.66,"North",0,1
1111,60.51,11.11,"South",1,0
1112,88.74,8.83,"South",1,1
1113,84,8.62,"East",4,1
1114,95.9,9.2,"North",1,1
1115,77.99,11.5,"South",2,0
1116,52.18,9.84,"East",1,0
1117,91.05,5.94,"West",4,1
1118,60.43,10.93,"East",3,1
1119,85.54,8.9,"West",3,1
1120,108.47,12.28,"West",2,1
1121,46.62,6.37,"East",1,0
1122,106.24,4.27,"East",1,1
1123,102.06,8.51,"West",1,1
1124,64.43,8.09,"West",0,1
1125,69.97,12.03,"North",3,1
1126,61.28,4.39,"West",1,1
1127,63.59,6.79,"North",1,0
1128,86.59,9.62,"South",1,1
1129,57.02,7.79,"East",2,0
1130,71.19,9.43,"West",5,1
1131,72.12,6.41,"East",2,1
1132,73.07,7.53,"South",2,0
1133,78.63,7.24,"East",2,1
1134,106.93,4.77,"North",3,1
1135,65.97,11.15,"East",1,1
1136,59.1,8.38,"East",2,0
1137,90.85,8.33,"North",1,0
1138,82.61,13.33,"East",1,0
1139,79.72,12,"West",2,0
1140,86.82,7.92,"East",2,0
1141,46.76,12.64,"West",3,0
1142,96.27,8.86,"West",0,0
1143,84.08,8.71,"West",2,1
1144,94.03,10.5,"North",2,0
1145,63.03,10.42,"North",3,1
1146,38.16,9.68,"South",3,0
1147,65.31,9.24,"South",0,1
1148,56.86,11.2,"East",0,0
1149,119.46,12.98,"East",1,1
1150,66.73,8.82,"West",1,1
1151,70.69,14.36,"East",3,0
1152,96.26,7.5,"North",1,1
1153,87.41,16,"South",4,1
1154,88.46,12.46,"North",2,1
1155,127.67,8.92,"East",1,1
1156,78.32,3.62,"South",1,1
1157,113.1,8.81,"East",0,1
1158,80.07,8.96,"South",1,1
1159,45.82,14.33,"South",2,0
1160,30.46,11.13,"West",4,0
1161,87.99,4.54,"North",2,0
1162,55.02,10.82,"North",4,0
1163,75.84,7.17,"West",3,1
1164,110.54,4.9,"West",5,0
1165,81.94,12.76,"South",4,1
1166,69.26,11.81,"West",0,0
1167,36.51,8.8,"East",2,0
1168,58.99,14.31,"East",4,0
1169,63.49,9.06,"North",0,1
1170,88.68,4.94,"East",2,1
1171,84.67,12.73,"East",0,1
1172,75.28,7.97,"East",2,1
1173,78.6,10.41,"West",0,1
1174,69.24,7.23,"East",2,1
1175,75.6,6.09,"East",2,1
1176,80.43,11.32,"West",1,1
1177,83.98,7.3,"North",2,1
1178,111.55,8.38,"South",2,1
1179,52.76,12.17,"South",1,0
1180,104.5,2.31,"North",0,1
1181,88.43,7.19,"South",4,1
1182,44.09,14.59,"North",1,0
1183,69.46,9.98,"South",3,0
1184,62.41,4.95,"North",5,1
1185,56.34,9.85,"South",2,0
1186,44.24,10.14,"South",2,0
1187,65.12,7.67,"North",3,0
1188,66.29,7.94,"North",1,1
1189,68.53,9.88,"South",2,0
1190,33.78,12.52,"North",2,0
1191,83.83,7.48,"West",1,1
1192,89.93,12.15,"West",2,1
1193,90.79,4.4,"North",3,1
1194,90.41,15.97,"South",2,0
1195,79.01,12.31,"North",4,0
1196,104.37,8.13,"East",2,1
1197,57.47,9.69,"North",3,0
1198,50.47,6.3,"West",4,0
1199,81.76,7.2,"South",3,1
1200,83.82,10.89,"South",3,0
1201,60.07,3.81,"East",1,0
1202,75.73,12.03,"North",2,0
1203,81.47,12.51,"South",2,0
1204,82.59,10.37,"East",4,1
1205,92.53,7.64,"North",1,1
1206,93.67,11.9,"South",2,1
1207,26.42,9.39,"North",2,0
1208,109.56,15.33,"West",2,0
1209,84.12,11.51,"North",1,0
1210,63.59,15.58,"West",1,0
1211,52.71,8.17,"East",1,0
1212,93.1,13.46,"West",3,1
1213,81.56,12.91,"West",1,1
1214,96.56,11.91,"South",3,1
1215,73.79,15.32,"North",2,1
1216,70.13,13.53,"East",3,1
1217,119.83,13.3,"South",2,0
1218,34.28,14.13,"North",0,0
1219,82.82,7.85,"East",1,1
1220,82.7,12.07,"South",3,1
1221,83.77,13.8,"North",2,1
1222,86.16,4.38,"East",0,1
1223,69.47,13.74,"East",5,1
1224,98.33,6.77,"East",1,1
1225,25.91,5.58,"West",5,0
1226,58.89,9.69,"East",2,0
1227,72.62,4.86,"South",1,0
1228,78.26,7.68,"West",1,1
1229,83.13,12.54,"North",1,1
1230,87.79,10.25,"South",2,0
1231,44.83,13.86,"West",2,0
1232,75.15,10.83,"West",1,1
1233,85.48,4.87,"East",1,1
1234,101.53,6.55,"South",0,0
1235,72.73,10.48,"West",5,1
1236,106.98,8.72,"North",3,0
1237,69.37,12.72,"North",3,1
1238,74,10.45,"West",3,1
1239,78.2,6.67,"West",3,0
1240,64.95,8.35,"West",5,0
1241,89.32,13.06,"North",3,1
1242,48.08,7.16,"West",6,0
1243,74.89,5.5,"North",1,1
1244,64.19,11.7,"North",2,1
1245,64.06,10.55,"South",3,0
1246,98.03,7.61,"South",0,1
1247,96.04,9.86,"West",0,0
1248,106.96,10.46,"South",2,1
1249,69.72,7.7,"South",2,1
1250,75.65,11.09,"East",3,1
1251,43.97,7.92,"East",4,0
1252,67.24,8.97,"South",1,0
1253,110.28,12.23,"South",0,0
1254,66.67,9.14,"West",3,1
1255,51.67,4.99,"West",1,0
1256,75.84,9.21,"West",1,1
1257,99.93,4.9,"West",0,1
1258,43.44,8.42,"West",1,0
1259,69.92,8.09,"West",3,1
1260,84.36,19.52,"South",4,1
1261,114.55,11.47,"West",2,1
1262,62.69,11.33,"East",4,1
1263,105.39,10.6,"East",1,1
1264,66.34,8.41,"South",4,1
1265,54.38,1.97,"East",3,0
1266,52.31,15.44,"South",0,0
1267,70.58,8.45,"West",0,1
1268,74.55,7.41,"North",3,1
1269,68.54,8.11,"West",3,1
1270,96.04,13.22,"West",1,1
1271,78.79,12.24,"North",1,0
1272,72.88,13.96,"West",3,0
1273,62.95,10.84,"North",2,0
1274,49.08,9.65,"North",1,0
1275,35.81,9.25,"East",3,0
1276,79.27,5.33,"West",1,0
1277,75.51,10.78,"South",1,1
1278,102.3,8.99,"East",2,1
1279,80.82,8.85,"East",5,1
1280,90.94,13.16,"West",2,1
1281,75.82,13.63,"East",2,1
1282,58.63,17.36,"West",1,0
1283,80.79,11.39,"South",3,0
1284,81.8,9.72,"North",2,1
1285,58.65,7.28,"South",0,0
1286,74.43,9.9,"West",3,1
1287,115.02,15.16,"North",1,0
1288,52.41,9.29,"East",3,0
1289,104.44,15.13,"West",2,1
1290,70.46,9.33,"South",5,0
1291,104.65,10.63,"North",3,0
1292,58.14,17.44,"East",3,0
1293,73.68,10.08,"East",2,1
1294,81.22,5.64,"North",0,1
1295,72.75,7.98,"North",0,0
1296,88.17,6.83,"West",3,1
1297,71.66,10.27,"South",3,1
1298,99.18,8.28,"North",2,1
1299,78.41,11.13,"West",2,1
1300,88.85,14.87,"East",2,1
1301,51.29,7.07,"West",3,0
1302,61.83,6.97,"East",3,1
1303,96.79,9.23,"West",2,1
1304,85.18,12.65,"East",3,1
1305,72.28,11.13,"West",6,1
1306,72.82,10.31,"East",3,0
1307,90.1,14.72,"North",0,1
1308,70.52,9.19,"West",3,1
1309,76.5,15.55,"West",3,0
1310,42.08,5.47,"South",1,0
1311,110.48,10.84,"South",4,1
1312,90.32,12.71,"North",0,1
1313,91.65,13.42,"West",1,1
1314,36.89,5.64,"North",3,0
1315,74.58,8.12,"East",3,1
1316,66.82,4.2,"North",3,1
1317,47.47,9.28,"South",2,0
1318,89.55,8.5,"North",1,1
1319,99.68,12.96,"South",1,1
1320,63.94,11.25,"North",2,1
1321,70.42,9.11,"West",5,1
1322,109.23,14.09,"East",1,1
1323,42,9.57,"East",1,0
1324,89.88,13.95,"South",3,1
1325,68.72,12,"East",1,1
1326,72.69,11.98,"South",0,1
1327,62.78,12.72,"East",0,1
1328,96.93,8.14,"East",1,1
1329,52.46,5.77,"North",3,0
1330,94.25,12.43,"North",2,1
1331,103.13,6.1,"East",0,0
1332,42.17,7.29,"South",3,0
1333,52.46,9.34,"South",3,0
1334,86.83,11.69,"East",2,1
1335,55.87,11.83,"East",2,0
1336,61.17,4.49,"South",3,1
1337,66.09,10.73,"South",0,0
1338,68.11,4.69,"North",5,1
1339,89.07,16.75,"West",2,0
1340,62.94,7.17,"North",1,1
1341,76.79,15.06,"West",2,1
1342,89.75,8.98,"South",1,0
1343,44.19,11.86,"South",3,0
1344,61.21,7.59,"South",1,1
1345,92.2,10.35,"South",1,0
1346,67.47,11.82,"East",1,0
1347,24.3,14.58,"West",4,0
1348,57.84,8.12,"North",8,0
1349,91.32,5.31,"North",3,0
1350,66.47,6.32,"South",2,0
1351,66.91,10.38,"East",6,1
1352,72.08,10.78,"North",0,1
1353,89.39,9.17,"East",4,1
1354,65.18,10.15,"South",1,1
1355,84.52,9.07,"South",1,1
1356,86.46,8.74,"East",3,1
1357,54.62,16.74,"South",2,0
1358,73.76,10.26,"South",2,0
1359,64.23,13.67,"South",1,1
1360,83.34,17.85,"West",5,0
1361,44.83,6.02,"West",0,0
1362,105.78,9.59,"West",2,1
1363,101.92,9.99,"West",0,1
1364,58.14,13.62,"West",5,0
1365,61.6,9.01,"North",2,1
1366,56.83,10.94,"East",4,0
1367,72.27,10.54,"East",0,1
1368,64.98,11.12,"South",3,1
1369,77.25,8.07,"South",2,1
1370,37.5,17.73,"West",2,0
1371,78.17,6.58,"North",3,1
1372,75.31,9.07,"North",2,1
1373,42.99,11.25,"West",4,0
1374,80.52,11.29,"East",4,1
1375,76.1,6.49,"West",1,1
1376,70.39,9.55,"North",3,0
1377,74.74,5.8,"West",4,1
1378,82.7,12.75,"East",1,1
1379,81.93,7.24,"North",4,1
1380,66.37,6.62,"East",1,1
1381,98,9.98,"West",2,1
1382,74.27,6.23,"West",2,0
1383,72.28,10.64,"West",1,0
1384,93.89,8.33,"West",3,0
1385,94.84,8.12,"South",3,1
1386,60.99,5.21,"West",2,1
1387,55.18,2.57,"East",0,0
1388,60.89,13.33,"South",2,1
1389,51.48,15.28,"East",4,0
1390,39.38,13.77,"North",1,0
1391,81.21,9.76,"South",4,1
1392,72.1,10.44,"North",2,0
1393,87.85,11.06,"West",2,0
1394,74.97,8.99,"East",0,0
1395,83.18,11.48,"North",2,1
1396,65.08,12.49,"North",2,1
1397,55.8,12.84,"South",0,0
1398,90.56,13.5,"North",2,1
1399,90.22,8.74,"East",1,0
1400,40.33,11,"South",4,0
1401,92.55,9.68,"West",1,1
1402,39.53,6.14,"West",3,0
1403,74.09,7.28,"North",5,1
1404,67.1,9.15,"East",4,1
1405,72.44,10.8,"East",0,1
1406,96.92,13.67,"West",1,1
1407,49.9,12.46,"East",1,0
1408,69.69,6.26,"West",2,1
1409,126.07,11.8,"West",2,1
1410,45.43,7.27,"East",2,0
1411,62.47,12.7,"West",2,0
1412,74.18,7.14,"West",1,1
1413,79,6.28,"North",2,1
1414,64.33,10.24,"North",0,1
1415,69.68,7.56,"West",2,0
1416,96.68,13.19,"North",1,0
1417,71.39,6.85,"West",3,1
1418,80.03,11.55,"North",2,0
1419,82.39,12.96,"North",1,1
1420,83.14,8.95,"East",7,1
1421,84.85,11.36,"West",4,1
1422,76.09,8.22,"East",1,1
1423,60.83,6.59,"North",3,0
1424,73.83,3,"West",4,1
1425,55.73,7.22,"West",5,0
1426,76.87,11.19,"South",2,1
1427,68.04,10.22,"North",1,1
1428,72.63,6.83,"South",4,0
1429,53.02,9.77,"North",1,0
1430,69.34,2.75,"East",2,1
1431,53.21,12.43,"North",2,0
1432,66.89,7.39,"West",1,1
1433,85.54,9.62,"South",3,1
1434,79.81,11.23,"South",5,0
1435,92.97,7.45,"East",4,1
1436,84.76,14.4,"West",3,0
1437,77.24,10.92,"West",5,0
1438,94.97,11.29,"South",1,1
1439,98.83,12.43,"East",0,1
1440,47.01,12.76,"East",2,0
1441,92.84,11.63,"South",1,1
1442,90.56,17.11,"North",2,1
1443,93.84,8.19,"East",4,1
1444,56.82,14.68,"North",2,0
1445,123.18,5.94,"West",1,0
1446,23.11,8.48,"South",2,0
1447,75.14,8.57,"West",1,1
1448,77.36,7.31,"North",1,1
1449,72.01,10.32,"South",0,1
1450,89.96,11.95,"South",6,1
1451,77.48,7.54,"East",1,1
1452,59.44,11.08,"East",2,0
1453,103.2,11.9,"West",1,1
1454,69.12,10.29,"East",3,1
1455,87.21,7.6,"West",1,0
1456,61.67,6.69,"East",4,0
1457,53.8,7.45,"North",3,0
1458,62.88,11.56,"South",1,1
1459,53.86,15.35,"West",0,0
1460,85.66,8.2,"West",1,1
1461,43.96,14.42,"East",2,0
1462,55.43,6.89,"North",1,0
1463,75.54,8.29,"South",4,0
1464,40.69,9.77,"South",0,0
1465,64.9,8.71,"East",0,1
1466,68.9,10.54,"East",2,0
1467,101.92,12.5,"South",3,1
1468,69.85,13.14,"North",2,1
1469,64.53,12.29,"West",0,1
1470,61.74,5.48,"West",6,1
1471,83.94,8.23,"East",1,0
1472,68.61,8.94,"South",1,1
1473,64.12,12.08,"West",2,1
1474,69.41,5.3,"South",3,0
1475,96.3,7.97,"North",3,0
1476,106.36,12,"South",2,1
1477,62.14,12.87,"South",2,1
1478,75.41,10.87,"North",1,1
1479,68.52,15.05,"East",1,0
1480,112.15,2.76,"North",3,0
1481,86.82,10.69,"North",3,1
1482,39.39,9.8,"North",1,0
1483,66.32,6.99,"East",0,1
1484,29.15,8.32,"North",2,0
1485,73.14,10.72,"East",3,0
1486,89.08,13.64,"West",1,1
1487,57.11,10.76,"East",1,0
1488,49.35,11.96,"West",1,0
1489,100.12,7.21,"North",0,1
1490,55.71,8.67,"East",2,0
1491,93.16,9.88,"West",2,1
1492,79.28,10.43,"West",2,1
1493,92.62,11.59,"East",0,0
1494,95.05,9.44,"South",1,1
1495,97.8,12.3,"South",1,1
1496,99.72,10.79,"West",1,1
1497,80.91,5.93,"East",1,0
1498,78.44,11.08,"North",2,1
1499,55.89,4.88,"East",0,0
1500,50.79,8.09,"South",8,0
1501,62.97,10.87,"South",2,1
1502,72.28,6.09,"West",1,1
1503,55.25,9.66,"East",2,0
1504,91.64,9.72,"West",1,0
1505,59.1,9.63,"North",3,0
1506,81.81,7.35,"North",1,1
1507,92.41,11.8,"West",5,1
1508,51.36,12.15,"East",3,0
1509,95.46,8.83,"West",2,0
1510,32.83,11.28,"West",3,0
1511,79.6,7.49,"West",5,0
1512,105.23,10.07,"East",0,1
1513,86.11,12.28,"South",0,1
1514,93.3,10.74,"East",1,1
1515,63.93,10.42,"South",0,1
1516,80.97,14.02,"South",2,1
1517,97.13,7.75,"East",1,1
1518,48.42,12.33,"South",2,0
1519,95.03,10.68,"West",1,1
1520,46.81,7.79,"South",2,0
1521,65.02,9.79,"South",2,1
1522,127.46,8.87,"South",0,1
1523,85.21,11.99,"North",5,1
1524,73.18,11.23,"East",2,1
1525,94.58,4.5,"South",1,1
1526,70.12,14.95,"South",0,0
1527,87.44,3.6,"South",3,1
1528,68.11,12.06,"West",3,0
1529,27.9,7.75,"West",2,0
1530,84.45,13.21,"North",3,0
1531,64.77,11.19,"East",3,1
1532,63.53,14.16,"South",3,1
1533,75.08,9.47,"West",4,1
1534,101.85,2.71,"West",3,1
1535,80.91,9.3,"West",0,1
1536,91.84,10.32,"South",2,0
1537,87.58,13.65,"North",3,1
1538,77.03,6.48,"West",2,1
1539,88.42,9.2,"South",1,0
1540,72.23,8.64,"East",4,1
1541,50.01,14.51,"West",1,0
1542,81.95,5.13,"East",0,1
1543,29.44,13.18,"East",1,0
1544,55.28,13.47,"West",2,0
1545,73.81,9.66,"West",1,1
1546,71.78,12.57,"South",0,1
1547,66.59,11.53,"North",0,0
1548,94.77,7.86,"North",4,1
1549,53.61,7.92,"West",1,0
1550,22.73,3.93,"West",0,0
1551,90.61,14.74,"North",2,0
1552,75.9,13.89,"West",2,1
1553,72.83,13.81,"North",1,1
1554,67.18,9.95,"North",3,1
1555,41.26,8.25,"South",3,0
1556,55.95,5.04,"North",2,0
1557,85.15,8.28,"East",0,1
1558,75.38,7.28,"North",0,0
1559,46.62,5.9,"South",3,0
1560,86.96,10.92,"West",3,1
1561,90.73,8.58,"North",3,1
1562,72.31,11.34,"East",1,0
1563,74.67,7.67,"West",0,0
1564,103.18,16.18,"North",2,1
1565,82.9,17.76,"South",1,1
1566,99.4,14.5,"West",2,0
1567,74.1,9.7,"North",1,1
1568,104.59,11.94,"South",5,0
1569,73.49,5.79,"East",2,1
1570,93.35,6,"West",0,1
1571,68.1,8.66,"East",1,1
1572,53.46,15.07,"East",2,0
1573,95.03,9.33,"East",0,1
1574,120.92,12.77,"East",2,0
1575,68.48,9.85,"North",5,1
1576,104.38,8.96,"East",7,0
1577,70.26,10.6,"South",1,0
1578,93.47,9.6,"North",2,1
1579,55.22,14.36,"North",1,0
1580,80.51,6.04,"North",0,1
1581,59.73,10.33,"South",2,0
1582,47.96,9.92,"West",4,0
1583,88.1,9.59,"West",3,1
1584,107.19,8.08,"North",0,0
1585,59.23,12.15,"East",1,0
1586,57.32,5.57,"South",4,0
1587,53.55,12.26,"West",2,0
1588,65.84,3.43,"West",0,0
1589,88.31,14.66,"East",4,1
1590,89.24,12.11,"South",0,1
1591,83.86,10.15,"South",2,0
1592,90.19,2.72,"West",2,1
1593,65.62,9.74,"South",2,1
1594,71.55,7.78,"East",0,0
1595,88.64,13.5,"East",2,0
1596,69.37,5.1,"North",4,1
1597,55.77,5.16,"South",2,0
1598,47.45,9.33,"South",0,0
1599,128.95,9.83,"East",1,1
1600,41.01,8.12,"South",3,0
1601,75.59,9.45,"West",2,1
1602,113.69,9.21,"North",2,1
1603,91.75,8.42,"West",1,1
1604,71.29,7.97,"North",2,0
1605,85.67,9.53,"North",5,1
1606,110.7,12.91,"East",3,1
1607,78.79,15.59,"North",1,1
1608,63.62,13.06,"North",0,1
1609,104.04,10.14,"West",4,1
1610,112.38,6.39,"East",3,1
1611,55.31,12.73,"West",2,0
1612,89.38,14.39,"West",1,1
1613,77.59,9.45,"South",3,1
1614,89.03,9.43,"West",1,1
1615,85.53,13.73,"East",2,1
1616,74.59,10.56,"East",2,0
1617,83.77,16.81,"North",0,1
1618,50.79,9.85,"West",2,0
1619,46.91,5.15,"West",2,0
1620,89.41,13.17,"South",1,0
1621,76.72,11.09,"North",2,1
1622,72.37,9.2,"West",0,1
1623,41.48,6.23,"West",6,0
1624,63.61,12.63,"South",1,0
1625,78.84,11.78,"South",2,0
1626,65.27,10.81,"East",1,1
1627,76.63,14.66,"East",2,1
1628,82.7,6.81,"North",6,1
1629,72.25,10.62,"West",2,1
1630,83.55,9.25,"North",2,0
1631,70.14,11.55,"East",5,1
1632,68.63,11.33,"South",3,1
1633,69.92,9.65,"North",0,1
1634,87.78,5.51,"South",4,1
1635,91.42,10.14,"North",2,1
1636,121.71,14.44,"South",3,0
1637,55.33,4.11,"North",2,0
1638,60.85,8.38,"South",2,1
1639,87.88,11.51,"South",2,1
1640,107.75,6.72,"South",2,0
1641,99.53,6.92,"North",4,1
1642,65.65,6.96,"West",1,1
1643,61.44,7.65,"South",1,0
1644,108.93,11.08,"North",3,1
1645,105.86,16,"North",0,1
1646,79.29,11.66,"South",3,1
1647,109.01,7.58,"West",1,0
1648,74.84,8.33,"South",0,1
1649,58.64,6.74,"East",1,0
1650,73.99,7.84,"West",1,1
1651,76.6,7.92,"South",0,0
1652,43.81,14.24,"East",0,0
1653,71.57,11.92,"East",2,1
1654,66.63,4.85,"East",4,1
1655,84.83,12.48,"South",2,0
1656,64.38,13.84,"East",2,1
1657,84.64,9.31,"North",1,1
1658,85.73,14.08,"East",3,0
1659,69.41,11.02,"West",6,1
1660,74.13,11.93,"North",0,1
1661,122.63,9.04,"South",4,0
1662,105.96,14.32,"West",2,0
1663,106.1,10.16,"East",1,1
1664,76.16,9.19,"West",5,1
1665,58.2,11.4,"East",4,0
1666,86.42,9.67,"South",1,0
1667,76.32,9.23,"West",0,0
1668,146.69,12.18,"East",3,1
1669,36.36,9.4,"North",2,0
1670,70.94,8.73,"North",3,1
1671,104.67,8.37,"West",6,1
1672,33.03,5.83,"West",0,0
1673,69.81,14.82,"North",3,0
1674,81.68,8.04,"South",3,0
1675,70.61,8.86,"North",1,0
1676,56.36,10.26,"East",3,0
1677,72.56,8.05,"East",0,0
1678,101.77,3.95,"South",2,0
1679,48.03,11.35,"East",3,0
1680,103.3,11.57,"East",4,1
1681,93.28,9.26,"North",1,1
1682,50.27,8.37,"South",2,0
1683,44.98,7.59,"South",5,0
1684,75.69,15.86,"East",1,1
1685,80.73,9.11,"East",4,0
1686,98.72,9.89,"West",2,1
1687,74.25,10.32,"West",2,1
1688,83.41,9.31,"East",1,0
1689,100.78,17.17,"West",4,1
1690,98.41,9.97,"West",3,1
1691,91.52,6.73,"East",0,1
1692,81.48,10.94,"West",1,1
1693,82.62,13.29,"East",6,1
1694,99.05,6.94,"North",2,1
1695,97.04,15.01,"East",4,1
1696,73.77,10.83,"South",3,1
1697,82.29,9.45,"South",4,1
1698,108.85,12.6,"North",2,1
1699,104.43,5.79,"South",3,1
1700,55.46,14.45,"South",0,0
1701,103.96,8.22,"East",1,1
1702,73.28,7.34,"North",3,1
1703,43.52,8.42,"West",1,0
1704,100.85,10.09,"South",1,0
1705,76.69,7.16,"East",1,1
1706,94.34,2.5,"North",1,1
1707,113.78,10.44,"East",4,1
1708,96.6,12.58,"East",1,0
1709,67.93,9.37,"East",0,1
1710,72.3,11.2,"East",1,1
1711,55.26,12.28,"South",1,0
1712,58.57,7.1,"East",3,0
1713,84.79,15.11,"North",3,0
1714,69.01,7.55,"South",3,1
1715,88.17,10.15,"East",0,1
1716,91.65,15.46,"South",2,1
1717,82.27,10.7,"North",1,1
1718,67.03,9.91,"South",1,1
1719,45.04,6.59,"East",4,0
1720,77.29,6.53,"North",2,1
1721,54.24,8.36,"West",2,0
1722,87.92,8.7,"West",0,0
1723,90.46,14.99,"East",4,1
1724,81.32,8.31,"West",1,1
1725,54.24,6.56,"South",2,0
1726,59.9,12.13,"South",0,0
1727,65.17,10.48,"North",3,0
1728,77.94,10.34,"West",1,1
1729,122.13,14.49,"South",3,0
1730,56.59,13.07,"North",2,0
1731,31.86,13.52,"East",4,0
1732,72.59,9.27,"East",2,1
1733,58.22,9.5,"South",2,0
1734,31.55,9.75,"South",2,0
1735,57.51,7.52,"West",1,0
1736,67.53,6.43,"East",3,1
1737,52.96,11.18,"South",0,0
1738,89.31,9.46,"West",0,0
1739,93.15,10.01,"West",3,0
1740,68.5,13.55,"West",4,1
1741,45.37,7.93,"West",1,0
1742,86.88,15.89,"West",0,1
1743,57.9,8.67,"South",1,0
1744,58.4,12.34,"North",2,0
1745,77.98,6.6,"East",3,1
1746,55.48,10.82,"West",1,0
1747,69.11,7.71,"West",2,1
1748,59.58,7.79,"South",6,0
1749,82.85,6.23,"West",0,1
1750,58.07,9.95,"South",0,0
1751,58.12,12.28,"West",0,0
1752,55.76,9.48,"East",3,0
1753,75.22,9.2,"West",0,1
1754,99.3,8.73,"North",2,0
1755,57.22,12.07,"East",4,0
1756,79.36,13.15,"South",2,0
1757,61.88,3.42,"East",2,1
1758,53.23,8.49,"West",2,0
1759,96.82,12.64,"North",1,1
1760,63.62,14.65,"West",3,0
1761,107.42,11.73,"East",3,1
1762,61.26,9.61,"West",0,1
1763,88.14,11.82,"West",2,1
1764,97.21,10.65,"East",3,1
1765,117.81,11.58,"West",0,1
1766,58.38,11.39,"West",3,0
1767,76.53,14.51,"North",3,1
1768,93.72,11.06,"East",0,1
1769,64.97,8.8,"South",3,1
1770,86.9,13.07,"South",0,1
1771,66.39,7.6,"South",0,1
1772,52.33,9.11,"South",1,0
1773,30.26,2.8,"North",4,0
1774,85.29,10.58,"North",3,1
1775,68.16,11.89,"East",2,0
1776,109.36,4.83,"East",1,1
1777,52.67,17.62,"South",1,0
1778,65.23,7.2,"South",1,1
1779,91.15,6.12,"West",8,1
1780,69.78,9.01,"South",0,0
1781,84.76,10.9,"West",2,1
1782,102.06,8.68,"West",0,1
1783,118.54,11.49,"West",0,1
1784,76.03,7.33,"East",1,1
1785,58.24,12.19,"East",2,0
1786,53.31,10.38,"East",1,0
1787,64.07,15.67,"North",3,1
1788,66.47,11.14,"East",3,1
1789,50.78,9.87,"North",4,0
1790,86.96,10.41,"North",0,1
1791,103.48,11.65,"East",2,1
1792,66.13,7.58,"North",1,1
1793,54.19,6.98,"North",2,0
1794,49.52,12.57,"West",3,0
1795,90.4,10.25,"West",1,1
1796,75.63,5.55,"South",3,1
1797,36.9,7.1,"West",3,0
1798,72.52,10.31,"North",1,1
1799,75.01,13.53,"East",1,0
1800,58.12,10.58,"East",2,0
1801,50.57,9.98,"South",3,0
1802,65.94,8.61,"East",2,1
1803,60.95,7.83,"North",1,1
1804,61.51,8.08,"West",0,1
1805,28.94,11.33,"West",0,0
1806,72.01,8.25,"North",1,1
1807,93.97,10.56,"South",3,1
1808,98.13,9.1,"West",4,0
1809,116.49,10.48,"West",1,1
1810,80.31,13.06,"East",1,1
1811,53.96,12.4,"North",2,0
1812,85.05,9.87,"South",1,0
1813,97,7.02,"North",4,0
1814,112.73,11.73,"South",0,1
1815,91.23,10.41,"West",2,1
1816,103.36,6.96,"North",4,1
1817,83.78,13.01,"North",2,1
1818,49.45,12.63,"South",2,0
1819,57.77,7.92,"East",2,0
1820,112.74,18.05,"West",1,1
1821,89.08,1,"East",4,1
1822,61.65,11.94,"North",2,1
1823,60.89,8.56,"East",1,1
1824,56.59,10.58,"East",2,0
1825,77.97,6.85,"North",1,1
1826,70,9.26,"East",1,0
1827,56.16,8.16,"West",1,0
1828,99.28,11.49,"West",1,1
1829,75.37,11.37,"East",0,1
1830,90.16,12.19,"North",2,1
1831,67.4,11.2,"North",0,1
1832,78.5,9.74,"East",1,0
1833,95.67,9.71,"East",4,1
1834,88.51,15.59,"North",2,1
1835,93.83,12.55,"South",2,0
1836,38.47,9.82,"West",3,0
1837,78.54,14.5,"East",2,1
1838,71.16,11.35,"West",1,1
1839,62,9.7,"South",2,1
1840,63.79,6.94,"West",1,1
1841,108.52,11.04,"North",4,0
1842,83.61,11.55,"East",0,1
1843,72.11,8.08,"North",1,1
1844,93.78,7.01,"West",1,1
1845,64.09,6.01,"South",2,1
1846,77.78,7.38,"South",0,0
1847,103.94,13.21,"West",3,0
1848,68.35,11.4,"West",3,1
1849,59.02,7.22,"South",4,0
1850,64.03,5.25,"West",1,1
1851,53.98,1.65,"South",3,0
1852,80.05,7.19,"East",4,1
1853,81.56,11.43,"East",0,1
1854,92.11,6.41,"North",7,1
1855,111.04,10.92,"South",2,1
1856,103.1,15.2,"East",1,1
1857,49.98,3.51,"West",1,0
1858,114.98,9.64,"South",1,1
1859,77.79,7.07,"North",1,1
1860,67.27,12.87,"South",2,1
1861,112.11,10.01,"South",2,1
1862,83.58,11.06,"South",2,1
1863,109.62,10.53,"North",4,1
1864,74.13,10.69,"North",2,1
1865,60.38,10.99,"East",0,0
1866,35.68,7.08,"East",3,0
1867,97.54,13.85,"West",1,1
1868,57.24,14.59,"North",3,0
1869,92.43,9.55,"East",2,1
1870,77.4,9.46,"North",2,1
1871,84.45,4.48,"North",1,1
1872,100.33,10.5,"South",1,1
1873,65.29,3.24,"South",3,1
1874,65.77,9.39,"South",2,1
1875,70.36,5.53,"West",2,0
1876,96.21,7.58,"South",5,1
1877,65.5,9.51,"East",1,1
1878,71.49,11.58,"East",0,1
1879,90.93,14.21,"West",4,0
1880,90.57,8.72,"South",2,1
1881,90.94,9.36,"West",3,1
1882,75.98,9.31,"West",1,1
1883,90.25,8.52,"South",1,0
1884,80.72,9.08,"West",1,0
1885,62.34,12.14,"East",0,0
1886,111.09,15.27,"West",1,0
1887,37.74,14.71,"West",2,0
1888,91.91,9.66,"West",0,1
1889,81.83,11.76,"West",6,0
1890,75.46,8.25,"East",1,1
1891,62.77,5.48,"East",1,1
1892,69.79,11.56,"West",5,1
1893,111.11,11.1,"South",0,0
1894,73.06,14.79,"North",0,0
1895,67.31,9.48,"East",1,0
1896,57.43,4.86,"West",1,0
1897,65.09,10.85,"West",0,1
1898,73.31,5.45,"East",0,1
1899,47.85,6.65,"East",1,0
1900,97.85,8.61,"South",3,1
1901,76.96,8.65,"North",3,0
1902,104.3,5.87,"East",4,1
1903,94.81,13.15,"North",2,0
1904,103.29,10.92,"West",3,0
1905,48.28,7.24,"West",3,0
1906,86.59,7.46,"West",3,1
1907,67.76,6.32,"West",4,1
1908,74.06,11.05,"South",0,1
1909,63.01,12.64,"West",2,1
1910,79.3,8.64,"East",4,1
1911,76.87,13.05,"West",2,1
1912,32.6,9.04,"South",4,0
1913,92.05,10.77,"South",1,1
1914,78.09,13.35,"West",2,1
1915,55.56,7.68,"West",3,0
1916,52.97,10.34,"North",3,0
1917,61.2,11.59,"East",2,1
1918,43.33,8.73,"South",1,0
1919,77.76,10.45,"West",1,1
1920,105.05,11.2,"East",3,1
1921,78.86,13.56,"North",1,1
1922,85.54,12.76,"East",0,1
1923,45.34,8.82,"North",2,0
1924,44.22,11.83,"West",2,0
1925,57.07,14.66,"North",6,0
1926,89.42,8.11,"South",2,1
1927,57.31,14.26,"South",4,0
1928,86.17,5.89,"North",2,0
1929,70.63,7.31,"North",1,1
1930,82.67,10.41,"West",2,1
1931,54.22,4.89,"East",3,0
1932,56.02,10.96,"East",2,0
1933,72.92,3.61,"East",1,0
1934,70.83,7.77,"South",0,1
1935,39.23,7.14,"West",3,0
1936,85.74,12.8,"West",0,1
1937,36.01,6.7,"East",0,0
1938,66.7,13.89,"North",0,1
1939,76.1,7.56,"South",0,1
1940,60.96,8.99,"North",0,1
1941,46.92,7.51,"West",2,0
1942,67.02,13.23,"South",2,1
1943,72.79,6.02,"West",3,0
1944,56.52,12.22,"East",1,0
1945,47.86,12.93,"South",1,0
1946,51.11,8.87,"East",1,0
1947,64.43,6.1,"South",3,1
1948,65.95,12.18,"North",1,0
1949,103.39,7.09,"South",4,0
1950,49.29,7.34,"West",0,0
1951,82.62,7.94,"North",3,1
1952,66.65,7.2,"West",2,1
1953,76.86,14.97,"North",4,1
1954,61.73,11.84,"North",2,0
1955,91.06,11.02,"West",2,1
1956,40.94,8.27,"East",1,0
1957,78.08,13.15,"West",5,0
1958,75.52,6.95,"West",2,1
1959,96.12,9.37,"South",3,1
1960,70.51,13.31,"North",2,0
1961,84.93,7.2,"South",2,1
1962,82.99,10.11,"East",1,0
1963,62.06,7.69,"East",1,1
1964,73.32,8.84,"East",1,1
1965,72.33,9.84,"South",2,1
1966,97.39,9.43,"North",3,0
1967,79.78,12.9,"North",4,0
1968,80.81,11.88,"North",5,1
1969,121.87,12.45,"South",3,0
1970,83.33,12.54,"North",1,0
1971,82.25,14,"West",1,1
1972,85.63,10.68,"East",3,1
1973,105.96,11.96,"North",1,0
1974,94.23,8.98,"North",3,1
1975,81.77,9.65,"West",3,1
1976,62.78,11.61,"North",3,1
1977,82.14,8.99,"South",1,0
1978,77.83,8.88,"West",4,1
1979,38.27,10.82,"South",4,0
1980,44.18,14.61,"South",2,0
1981,39.11,5.82,"North",2,0
1982,103.29,8.59,"East",1,1
1983,87.37,11.14,"East",2,1
1984,27.99,10.96,"North",2,0
1985,84.34,5.76,"North",0,0
1986,76.28,7.78,"East",2,0
1987,69.87,6.63,"North",4,1
1988,60.11,9.86,"West",0,0
1989,49.62,13.94,"South",1,0
1990,92.25,10,"East",3,1
1991,63.46,9.36,"North",3,1
1992,72.35,16.76,"South",0,1
1993,86.74,8.18,"West",0,0
1994,85.7,10.34,"North",1,0
1995,67.13,9,"South",3,1
1996,64.19,7.28,"East",2,1
1997,80.19,11.82,"South",2,1
1998,51.43,8.43,"East",3,0
1999,81.12,12.55,"North",0,0
2000,78.47,8.78,"West",4,1
